{
    "BlendMode": 2,
    "EmitRate": 170,
    "EndColor": {
        "Max": {
            "w": 0.0,
            "x": 1.0,
            "y": 0.0,
            "z": 1.0
        },
        "Min": {
            "w": 0.0,
            "x": 0.040695760399103165,
            "y": 0.002012489130720496,
            "z": 0.1042470932006836
        }
    },
    "EndRotate": {
        "Max": {
            "x": 0.0,
            "y": 0.0,
            "z": 0.0
        },
        "Min": {
            "x": 0.0,
            "y": 0.0,
            "z": 0.0
        }
    },
    "EndSize": {
        "Max": 1.0,
        "Min": 1.0
    },
    "GrainTransform": {
        "Rotate": {
            "Max": {
                "x": 0.0,
                "y": 0.0,
                "z": 3.140000104904175
            },
            "Min": {
                "x": 0.0,
                "y": 0.0,
                "z": 0.0
            }
        },
        "Scale": {
            "Max": {
                "x": 3.5,
                "y": 0.05000000074505806,
                "z": 1.0
            },
            "Min": {
                "x": 2.5,
                "y": 0.009999999776482582,
                "z": 1.0
            }
        }
    },
    "LifeTime": {
        "Max": 0.699999988079071,
        "Min": 0.30000001192092896
    },
    "MaxGrains": 340,
    "Primitive": 3,
    "StartColor": {
        "Max": {
            "w": 1.0,
            "x": 1.0,
            "y": 0.0,
            "z": 1.0
        },
        "Min": {
            "w": 1.0,
            "x": 0.03503222018480301,
            "y": 0.0,
            "z": 0.1814671754837036
        }
    },
    "StartRotate": {
        "Max": {
            "x": 0.0,
            "y": 0.0,
            "z": 0.0
        },
        "Min": {
            "x": 0.0,
            "y": 0.0,
            "z": 0.0
        }
    },
    "StartSize": {
        "Max": 3.0,
        "Min": 2.5
    },
    "Texture": "circle.png",
    "Velocity": {
        "Max": {
            "x": 0.0,
            "y": 0.0,
            "z": 0.0
        },
        "Min": {
            "x": 0.0,
            "y": 0.0,
            "z": 0.0
        }
    }
}