{
    "BlendMode": 2,
    "EmitRate": 200,
    "EndColor": {
        "Max": {
            "w": 0.0,
            "x": 0.387978732585907,
            "y": 0.5521235466003418,
            "z": 0.0
        },
        "Min": {
            "w": 0.0,
            "x": 0.4247104525566101,
            "y": 0.0,
            "z": 0.0
        }
    },
    "EndRotate": {
        "Max": {
            "x": 0.0,
            "y": 0.0,
            "z": 0.0
        },
        "Min": {
            "x": 0.0,
            "y": 0.0,
            "z": 0.0
        }
    },
    "EndSize": {
        "Max": 8.0,
        "Min": 6.0
    },
    "GrainTransform": {
        "Rotate": {
            "Max": {
                "x": 0.0,
                "y": 0.0,
                "z": 0.0
            },
            "Min": {
                "x": 0.0,
                "y": 0.0,
                "z": 0.0
            }
        },
        "Scale": {
            "Max": {
                "x": 2.0,
                "y": 2.0,
                "z": 1.0
            },
            "Min": {
                "x": 1.0,
                "y": 1.0,
                "z": 1.0
            }
        }
    },
    "LifeTime": {
        "Max": 1.0,
        "Min": 0.8
    },
    "MaxGrains": 1800,
    "Primitive": 3,
    "StartColor": {
        "Max": {
            "w": 1.0,
            "x": 0.5482625365257263,
            "y": 0.0,
            "z": 0.0
        },
        "Min": {
            "w": 1.0,
            "x": 0.42885473370552063,
            "y": 0.0,
            "z": 0.4478764533996582
        }
    },
    "StartRotate": {
        "Max": {
            "x": 0.0,
            "y": 0.0,
            "z": 0.0
        },
        "Min": {
            "x": 0.0,
            "y": 0.0,
            "z": 0.0
        }
    },
    "StartSize": {
        "Max": 0.10000000149011612,
        "Min": 0.10000000149011612
    },
    "Texture": "circle.png",
    "Velocity": {
        "Max": {
            "x": 12.0,
            "y": 12.0,
            "z": 12.0
        },
        "Min": {
            "x": -12.0,
            "y": -10.0,
            "z": -12.0
        }
    }
}