{
    "BlendMode": 2,
    "EmitRate": 25,
    "EndColor": {
        "Max": {
            "w": 0.7843137383460999,
            "x": 1.0,
            "y": 0.43921568989753723,
            "z": 0.0
        },
        "Min": {
            "w": 0.0,
            "x": 1.0,
            "y": 0.6705882549285889,
            "z": 0.0
        }
    },
    "EndSize": {
        "Max": 0.10000000149011612,
        "Min": 0.0
    },
    "GrainTransform": {
        "Rotate": {
            "Max": {
                "x": 0.0,
                "y": 0.0,
                "z": 0.30000001192092896
            },
            "Min": {
                "x": 0.0,
                "y": 0.0,
                "z": 0.0
            }
        },
        "Scale": {
            "Max": {
                "x": 1.0,
                "y": 1.2999999523162842,
                "z": 1.0
            },
            "Min": {
                "x": 0.800000011920929,
                "y": 1.0,
                "z": 1.0
            }
        }
    },
    "LifeTime": {
        "Max": 2.5,
        "Min": 2.0
    },
    "MaxGrains": 1000,
    "Primitive": 3,
    "StartColor": {
        "Max": {
            "w": 1.0,
            "x": 0.7837837934494019,
            "y": 0.0,
            "z": 0.0
        },
        "Min": {
            "w": 1.0,
            "x": 0.8571428656578064,
            "y": 0.1389961540699005,
            "z": 0.0
        }
    },
    "StartSize": {
        "Max": 2.0,
        "Min": 1.5
    },
    "Texture": "circle.png",
    "Velocity": {
        "Max": {
            "x": 0.30000001192092896,
            "y": 2.0,
            "z": 0.30000001192092896
        },
        "Min": {
            "x": -0.30000001192092896,
            "y": 0.0,
            "z": -0.30000001192092896
        }
    }
}