{
    "BlendMode": 2,
    "EmitRate": 33333,
    "EndColor": {
        "Max": {
            "w": 0.0,
            "x": 0.0,
            "y": 0.0,
            "z": 0.0
        },
        "Min": {
            "w": 0.0,
            "x": 1.0,
            "y": 1.0,
            "z": 1.0
        }
    },
    "EndRotate": {
        "Max": {
            "x": 0.0,
            "y": 0.0,
            "z": 0.0
        },
        "Min": {
            "x": 0.0,
            "y": 0.0,
            "z": 0.0
        }
    },
    "EndSize": {
        "Max": 1.0,
        "Min": 1.0
    },
    "GrainTransform": {
        "Rotate": {
            "Max": {
                "x": 0.0,
                "y": 0.0,
                "z": 0.0
            },
            "Min": {
                "x": 0.0,
                "y": 0.0,
                "z": 0.0
            }
        },
        "Scale": {
            "Max": {
                "x": 0.10000000149011612,
                "y": 0.10000000149011612,
                "z": 1.0
            },
            "Min": {
                "x": 0.10000000149011612,
                "y": 0.10000000149011612,
                "z": 1.0
            }
        }
    },
    "LifeTime": {
        "Max": 3.0,
        "Min": 1.0
    },
    "MaxGrains": 99999,
    "Primitive": 4,
    "StartColor": {
        "Max": {
            "w": 0.6078431606292725,
            "x": 0.0,
            "y": 0.0,
            "z": 0.0
        },
        "Min": {
            "w": 0.5803921818733215,
            "x": 1.0,
            "y": 1.0,
            "z": 1.0
        }
    },
    "StartRotate": {
        "Max": {
            "x": 0.0,
            "y": 0.0,
            "z": 0.0
        },
        "Min": {
            "x": 0.0,
            "y": 0.0,
            "z": 0.0
        }
    },
    "StartSize": {
        "Max": 1.0,
        "Min": 1.0
    },
    "Texture": "white.png",
    "Velocity": {
        "Max": {
            "x": 3.0,
            "y": 3.0,
            "z": 3.0
        },
        "Min": {
            "x": -3.200000047683716,
            "y": -1.0,
            "z": -3.0999999046325684
        }
    }
}